emp_id,department_id,name
200001,1,Aarav Patel
200002,2,Rahul Reddy
200003,1,Mia Sharma
200004,5,Daniel Kumar
200005,1,Rohit Nair
200006,2,Mia Kumar
200007,5,Rahul Smith
200008,2,Oliver Patel
200009,1,Kavin Smith
200010,3,Vikram Reddy
200011,2,Ishan Sharma
200012,1,Daniel Sharma
200013,3,Ishan Patel
200014,1,Oliver Sharma
200015,4,Rohit Patel
200016,5,Ishan Nair
200017,1,Aarav Nair
200018,3,Rohit Nair
200019,1,Daniel Patel
200020,4,Ishan Reddy
200021,3,Ishan Nair
200022,3,Rohit Reddy
200023,5,Rahul Reddy
200024,4,Daniel Patel
200025,5,Rahul Gupta
200026,1,Rahul Kumar
200027,3,Daniel Patel
200028,1,Rahul Gupta
200029,2,Oliver Smith
200030,4,Kavin Patel
200031,2,Rahul Patel
200032,5,Daniel Smith
200033,3,Rahul Reddy
200034,5,Oliver Sharma
200035,1,Rohit Reddy
200036,2,Daniel Sharma
200037,4,Daniel Brown
200038,5,Vikram Kumar
200039,1,Mia Patel
200040,3,Rohit Patel
200041,4,Kavin Brown
200042,1,Vikram Reddy
200043,5,Rohit Patel
200044,5,Sophia Nair
200045,2,Ishan Reddy
200046,5,Mia Kumar
200047,5,Ishan Brown
200048,1,Rohit Gupta
200049,3,Rahul Kumar
200050,2,Sophia Sharma
200051,1,Oliver Sharma
200052,5,Kavin Reddy
200053,4,Mia Reddy
200054,3,Mia Smith
200055,2,Mia Nair
200056,3,Daniel Gupta
200057,4,Mia Brown
200058,1,Rahul Nair
200059,1,Ishan Kumar
200060,5,Mia Nair
200061,5,Rahul Kumar
200062,1,Aarav Nair
200063,1,Aarav Gupta
200064,1,Mia Nair
200065,3,Oliver Nair
200066,5,Kavin Brown
200067,2,Oliver Smith
200068,2,Rohit Sharma
200069,4,Ishan Smith
200070,4,Oliver Kumar
200071,1,Aarav Smith
200072,3,Rohit Nair
200073,2,Rahul Brown
200074,2,Daniel Reddy
200075,3,Oliver Nair
200076,1,Oliver Sharma
200077,1,Mia Kumar
200078,1,Rahul Reddy
200079,4,Oliver Brown
200080,2,Daniel Kumar
200081,2,Daniel Kumar
200082,4,Vikram Brown
200083,3,Daniel Brown
200084,2,Rahul Patel
200085,2,Aarav Kumar
200086,3,Aarav Kumar
200087,5,Oliver Reddy
200088,1,Mia Sharma
200089,2,Rohit Sharma
200090,2,Daniel Sharma
200091,5,Rahul Kumar
200092,5,Rohit Smith
200093,5,Sophia Gupta
200094,3,Rahul Gupta
200095,2,Vikram Smith
200096,2,Vikram Brown
200097,3,Rohit Kumar
200098,4,Sophia Sharma
200099,1,Mia Nair
200100,5,Vikram Reddy
200101,3,Rohit Nair
200102,3,Vikram Reddy
200103,4,Mia Patel
200104,5,Mia Kumar
200105,5,Vikram Sharma
200106,2,Vikram Sharma
200107,1,Mia Reddy
200108,3,Vikram Nair
200109,3,Rahul Patel
200110,5,Oliver Patel
200111,1,Rohit Smith
200112,3,Aarav Kumar
200113,3,Kavin Patel
200114,2,Oliver Smith
200115,5,Aarav Sharma
200116,1,Kavin Kumar
200117,3,Sophia Reddy
200118,4,Kavin Kumar
200119,3,Ishan Kumar
200120,3,Rahul Nair
200121,1,Ishan Smith
200122,5,Kavin Nair
200123,2,Kavin Smith
200124,1,Kavin Gupta
200125,4,Rahul Patel
200126,2,Rohit Smith
200127,1,Oliver Nair
200128,2,Oliver Gupta
200129,3,Rahul Nair
200130,1,Rahul Smith
200131,3,Vikram Sharma
200132,3,Ishan Smith
200133,5,Ishan Kumar
200134,1,Vikram Reddy
200135,5,Vikram Kumar
200136,1,Sophia Smith
200137,3,Ishan Smith
200138,5,Mia Sharma
200139,4,Sophia Nair
200140,3,Aarav Smith
200141,1,Mia Nair
200142,3,Daniel Sharma
200143,3,Sophia Gupta
200144,1,Vikram Patel
200145,4,Ishan Smith
200146,3,Mia Reddy
200147,2,Daniel Smith
200148,2,Sophia Patel
200149,4,Mia Kumar
200150,3,Vikram Nair
200151,4,Sophia Gupta
200152,4,Oliver Brown
200153,2,Mia Brown
200154,2,Rohit Patel
200155,5,Sophia Gupta
200156,1,Rahul Patel
200157,2,Rahul Reddy
200158,1,Aarav Nair
200159,4,Sophia Sharma
200160,4,Daniel Nair
200161,4,Oliver Smith
200162,2,Kavin Kumar
200163,1,Daniel Nair
200164,2,Mia Brown
200165,1,Mia Nair
200166,1,Oliver Reddy
200167,4,Mia Gupta
200168,4,Sophia Smith
200169,5,Oliver Reddy
200170,4,Oliver Patel
200171,2,Vikram Brown
200172,2,Vikram Brown
200173,1,Vikram Nair
200174,3,Ishan Gupta
200175,5,Rohit Reddy
200176,2,Rahul Smith
200177,2,Rahul Sharma
200178,4,Daniel Gupta
200179,5,Oliver Smith
200180,1,Rahul Smith
200181,4,Sophia Kumar
200182,5,Daniel Brown
200183,1,Ishan Patel
200184,4,Daniel Nair
200185,4,Rahul Patel
200186,4,Oliver Kumar
200187,4,Ishan Smith
200188,2,Oliver Reddy
200189,5,Mia Kumar
200190,4,Sophia Kumar
200191,1,Daniel Reddy
200192,4,Kavin Kumar
200193,3,Daniel Gupta
200194,2,Oliver Gupta
200195,3,Daniel Patel
200196,4,Vikram Sharma
200197,4,Aarav Kumar
200198,3,Rahul Sharma
200199,1,Aarav Nair
200200,2,Aarav Reddy
200201,2,Kavin Brown
200202,1,Sophia Nair
200203,4,Vikram Gupta
200204,2,Sophia Sharma
200205,2,Vikram Sharma
200206,5,Aarav Patel
200207,5,Daniel Smith
200208,2,Rohit Nair
200209,1,Vikram Sharma
200210,5,Aarav Gupta
200211,5,Daniel Gupta
200212,1,Mia Gupta
200213,1,Daniel Brown
200214,1,Daniel Gupta
200215,4,Kavin Smith
200216,2,Mia Patel
200217,5,Mia Brown
200218,4,Daniel Patel
200219,3,Rahul Sharma
200220,3,Oliver Nair
200221,4,Sophia Smith
200222,3,Aarav Brown
200223,3,Kavin Brown
200224,2,Ishan Patel
200225,3,Vikram Patel
200226,5,Aarav Nair
200227,1,Rahul Smith
200228,4,Mia Nair
200229,4,Oliver Brown
200230,1,Rohit Patel
200231,2,Daniel Nair
200232,3,Sophia Gupta
200233,4,Mia Gupta
200234,4,Mia Gupta
200235,3,Oliver Patel
200236,3,Vikram Nair
200237,1,Rahul Gupta
200238,1,Mia Reddy
200239,2,Rahul Brown
200240,3,Sophia Patel
200241,1,Rahul Patel
200242,2,Ishan Reddy
200243,3,Aarav Reddy
200244,3,Aarav Kumar
200245,5,Vikram Reddy
200246,4,Rohit Kumar
200247,5,Vikram Brown
200248,4,Oliver Gupta
200249,2,Aarav Patel
200250,4,Rohit Sharma
200251,4,Oliver Sharma
200252,5,Aarav Reddy
200253,2,Sophia Patel
200254,1,Rahul Sharma
200255,5,Daniel Nair
200256,5,Daniel Brown
200257,4,Vikram Smith
200258,3,Sophia Kumar
200259,5,Rohit Nair
200260,2,Vikram Sharma
200261,2,Rahul Reddy
200262,5,Rohit Reddy
200263,1,Daniel Brown
200264,5,Oliver Patel
200265,1,Rahul Patel
200266,3,Oliver Sharma
200267,2,Vikram Nair
200268,4,Rohit Nair
200269,2,Vikram Reddy
200270,1,Aarav Reddy
200271,3,Sophia Patel
200272,4,Rohit Brown
200273,3,Daniel Patel
200274,5,Mia Brown
200275,4,Rohit Kumar
200276,4,Ishan Patel
200277,1,Rohit Nair
200278,5,Sophia Kumar
200279,3,Sophia Kumar
200280,2,Oliver Brown
200281,3,Kavin Smith
200282,4,Rohit Brown
200283,3,Daniel Gupta
200284,3,Rohit Reddy
200285,3,Daniel Brown
200286,3,Daniel Kumar
200287,4,Rohit Gupta
200288,3,Ishan Sharma
200289,4,Mia Kumar
200290,5,Oliver Smith
200291,1,Rahul Gupta
200292,5,Oliver Brown
200293,1,Rahul Patel
200294,5,Kavin Patel
200295,4,Oliver Sharma
200296,1,Sophia Nair
200297,2,Vikram Kumar
200298,5,Daniel Sharma
200299,2,Rohit Brown
200300,1,Kavin Brown
