office_id,emp_id,location,building_name
CHE-BLD-01,200001,Chennai,DLF
CHE-BLD-02,200002,Chennai,SNR Tech Park
CHE-BLD-03,200003,Chennai,Siruseri IT Park
CHE-BLD-04,200004,Chennai,Ozone Tech Park
CHE-BLD-05,200005,Chennai,Chennai One
CHE-BLD-01,200006,Chennai,DLF
CHE-BLD-02,200007,Chennai,SNR Tech Park
CHE-BLD-03,200008,Chennai,Siruseri IT Park
CHE-BLD-04,200009,Chennai,Ozone Tech Park
CHE-BLD-05,200010,Chennai,Chennai One
CHE-BLD-01,200011,Chennai,DLF
CHE-BLD-02,200012,Chennai,SNR Tech Park
CHE-BLD-03,200013,Chennai,Siruseri IT Park
CHE-BLD-04,200014,Chennai,Ozone Tech Park
CHE-BLD-05,200015,Chennai,Chennai One
CHE-BLD-01,200016,Chennai,DLF
CHE-BLD-02,200017,Chennai,SNR Tech Park
CHE-BLD-03,200018,Chennai,Siruseri IT Park
CHE-BLD-04,200019,Chennai,Ozone Tech Park
CHE-BLD-05,200020,Chennai,Chennai One
CHE-BLD-01,200021,Chennai,DLF
CHE-BLD-02,200022,Chennai,SNR Tech Park
CHE-BLD-03,200023,Chennai,Siruseri IT Park
CHE-BLD-04,200024,Chennai,Ozone Tech Park
CHE-BLD-05,200025,Chennai,Chennai One
CHE-BLD-01,200026,Chennai,DLF
CHE-BLD-02,200027,Chennai,SNR Tech Park
CHE-BLD-03,200028,Chennai,Siruseri IT Park
CHE-BLD-04,200029,Chennai,Ozone Tech Park
CHE-BLD-05,200030,Chennai,Chennai One
CHE-BLD-01,200031,Chennai,DLF
CHE-BLD-02,200032,Chennai,SNR Tech Park
CHE-BLD-03,200033,Chennai,Siruseri IT Park
CHE-BLD-04,200034,Chennai,Ozone Tech Park
CHE-BLD-05,200035,Chennai,Chennai One
CHE-BLD-01,200036,Chennai,DLF
CHE-BLD-02,200037,Chennai,SNR Tech Park
CHE-BLD-03,200038,Chennai,Siruseri IT Park
CHE-BLD-04,200039,Chennai,Ozone Tech Park
CHE-BLD-05,200040,Chennai,Chennai One
CHE-BLD-01,200041,Chennai,DLF
CHE-BLD-02,200042,Chennai,SNR Tech Park
CHE-BLD-03,200043,Chennai,Siruseri IT Park
CHE-BLD-04,200044,Chennai,Ozone Tech Park
CHE-BLD-05,200045,Chennai,Chennai One
CHE-BLD-01,200046,Chennai,DLF
CHE-BLD-02,200047,Chennai,SNR Tech Park
CHE-BLD-03,200048,Chennai,Siruseri IT Park
CHE-BLD-04,200049,Chennai,Ozone Tech Park
CHE-BLD-05,200050,Chennai,Chennai One
CHE-BLD-01,200051,Chennai,DLF
CHE-BLD-02,200052,Chennai,SNR Tech Park
CHE-BLD-03,200053,Chennai,Siruseri IT Park
CHE-BLD-04,200054,Chennai,Ozone Tech Park
CHE-BLD-05,200055,Chennai,Chennai One
CHE-BLD-01,200056,Chennai,DLF
CHE-BLD-02,200057,Chennai,SNR Tech Park
CHE-BLD-03,200058,Chennai,Siruseri IT Park
CHE-BLD-04,200059,Chennai,Ozone Tech Park
CHE-BLD-05,200060,Chennai,Chennai One
CHE-BLD-01,200061,Chennai,DLF
CHE-BLD-02,200062,Chennai,SNR Tech Park
CHE-BLD-03,200063,Chennai,Siruseri IT Park
CHE-BLD-04,200064,Chennai,Ozone Tech Park
CHE-BLD-05,200065,Chennai,Chennai One
CHE-BLD-01,200066,Chennai,DLF
CHE-BLD-02,200067,Chennai,SNR Tech Park
CHE-BLD-03,200068,Chennai,Siruseri IT Park
CHE-BLD-04,200069,Chennai,Ozone Tech Park
CHE-BLD-05,200070,Chennai,Chennai One
CHE-BLD-01,200071,Chennai,DLF
CHE-BLD-02,200072,Chennai,SNR Tech Park
CHE-BLD-03,200073,Chennai,Siruseri IT Park
CHE-BLD-04,200074,Chennai,Ozone Tech Park
CHE-BLD-05,200075,Chennai,Chennai One
CHE-BLD-01,200076,Chennai,DLF
CHE-BLD-02,200077,Chennai,SNR Tech Park
CHE-BLD-03,200078,Chennai,Siruseri IT Park
CHE-BLD-04,200079,Chennai,Ozone Tech Park
CHE-BLD-05,200080,Chennai,Chennai One
CHE-BLD-01,200081,Chennai,DLF
CHE-BLD-02,200082,Chennai,SNR Tech Park
CHE-BLD-03,200083,Chennai,Siruseri IT Park
CHE-BLD-04,200084,Chennai,Ozone Tech Park
CHE-BLD-05,200085,Chennai,Chennai One
CHE-BLD-01,200086,Chennai,DLF
CHE-BLD-02,200087,Chennai,SNR Tech Park
CHE-BLD-03,200088,Chennai,Siruseri IT Park
CHE-BLD-04,200089,Chennai,Ozone Tech Park
CHE-BLD-05,200090,Chennai,Chennai One
CHE-BLD-01,200091,Chennai,DLF
CHE-BLD-02,200092,Chennai,SNR Tech Park
CHE-BLD-03,200093,Chennai,Siruseri IT Park
CHE-BLD-04,200094,Chennai,Ozone Tech Park
CHE-BLD-05,200095,Chennai,Chennai One
CHE-BLD-01,200096,Chennai,DLF
CHE-BLD-02,200097,Chennai,SNR Tech Park
CHE-BLD-03,200098,Chennai,Siruseri IT Park
CHE-BLD-04,200099,Chennai,Ozone Tech Park
CHE-BLD-05,200100,Chennai,Chennai One
CHE-BLD-01,200101,Chennai,DLF
CHE-BLD-02,200102,Chennai,SNR Tech Park
CHE-BLD-03,200103,Chennai,Siruseri IT Park
CHE-BLD-04,200104,Chennai,Ozone Tech Park
CHE-BLD-05,200105,Chennai,Chennai One
CHE-BLD-01,200106,Chennai,DLF
CHE-BLD-02,200107,Chennai,SNR Tech Park
CHE-BLD-03,200108,Chennai,Siruseri IT Park
CHE-BLD-04,200109,Chennai,Ozone Tech Park
CHE-BLD-05,200110,Chennai,Chennai One
CHE-BLD-01,200111,Chennai,DLF
CHE-BLD-02,200112,Chennai,SNR Tech Park
CHE-BLD-03,200113,Chennai,Siruseri IT Park
CHE-BLD-04,200114,Chennai,Ozone Tech Park
CHE-BLD-05,200115,Chennai,Chennai One
CHE-BLD-01,200116,Chennai,DLF
CHE-BLD-02,200117,Chennai,SNR Tech Park
CHE-BLD-03,200118,Chennai,Siruseri IT Park
CHE-BLD-04,200119,Chennai,Ozone Tech Park
CHE-BLD-05,200120,Chennai,Chennai One
CHE-BLD-01,200121,Chennai,DLF
CHE-BLD-02,200122,Chennai,SNR Tech Park
CHE-BLD-03,200123,Chennai,Siruseri IT Park
CHE-BLD-04,200124,Chennai,Ozone Tech Park
CHE-BLD-05,200125,Chennai,Chennai One
CHE-BLD-01,200126,Chennai,DLF
CHE-BLD-02,200127,Chennai,SNR Tech Park
CHE-BLD-03,200128,Chennai,Siruseri IT Park
CHE-BLD-04,200129,Chennai,Ozone Tech Park
CHE-BLD-05,200130,Chennai,Chennai One
CHE-BLD-01,200131,Chennai,DLF
CHE-BLD-02,200132,Chennai,SNR Tech Park
CHE-BLD-03,200133,Chennai,Siruseri IT Park
CHE-BLD-04,200134,Chennai,Ozone Tech Park
CHE-BLD-05,200135,Chennai,Chennai One
CHE-BLD-01,200136,Chennai,DLF
CHE-BLD-02,200137,Chennai,SNR Tech Park
CHE-BLD-03,200138,Chennai,Siruseri IT Park
CHE-BLD-04,200139,Chennai,Ozone Tech Park
CHE-BLD-05,200140,Chennai,Chennai One
CHE-BLD-01,200141,Chennai,DLF
CHE-BLD-02,200142,Chennai,SNR Tech Park
CHE-BLD-03,200143,Chennai,Siruseri IT Park
CHE-BLD-04,200144,Chennai,Ozone Tech Park
CHE-BLD-05,200145,Chennai,Chennai One
CHE-BLD-01,200146,Chennai,DLF
CHE-BLD-02,200147,Chennai,SNR Tech Park
CHE-BLD-03,200148,Chennai,Siruseri IT Park
CHE-BLD-04,200149,Chennai,Ozone Tech Park
CHE-BLD-05,200150,Chennai,Chennai One
CHE-BLD-01,200151,Chennai,DLF
CHE-BLD-02,200152,Chennai,SNR Tech Park
CHE-BLD-03,200153,Chennai,Siruseri IT Park
CHE-BLD-04,200154,Chennai,Ozone Tech Park
CHE-BLD-05,200155,Chennai,Chennai One
CHE-BLD-01,200156,Chennai,DLF
CHE-BLD-02,200157,Chennai,SNR Tech Park
CHE-BLD-03,200158,Chennai,Siruseri IT Park
CHE-BLD-04,200159,Chennai,Ozone Tech Park
CHE-BLD-05,200160,Chennai,Chennai One
CHE-BLD-01,200161,Chennai,DLF
CHE-BLD-02,200162,Chennai,SNR Tech Park
CHE-BLD-03,200163,Chennai,Siruseri IT Park
CHE-BLD-04,200164,Chennai,Ozone Tech Park
CHE-BLD-05,200165,Chennai,Chennai One
CHE-BLD-01,200166,Chennai,DLF
CHE-BLD-02,200167,Chennai,SNR Tech Park
CHE-BLD-03,200168,Chennai,Siruseri IT Park
CHE-BLD-04,200169,Chennai,Ozone Tech Park
CHE-BLD-05,200170,Chennai,Chennai One
CHE-BLD-01,200171,Chennai,DLF
CHE-BLD-02,200172,Chennai,SNR Tech Park
CHE-BLD-03,200173,Chennai,Siruseri IT Park
CHE-BLD-04,200174,Chennai,Ozone Tech Park
CHE-BLD-05,200175,Chennai,Chennai One
CHE-BLD-01,200176,Chennai,DLF
CHE-BLD-02,200177,Chennai,SNR Tech Park
CHE-BLD-03,200178,Chennai,Siruseri IT Park
CHE-BLD-04,200179,Chennai,Ozone Tech Park
CHE-BLD-05,200180,Chennai,Chennai One
CHE-BLD-01,200181,Chennai,DLF
CHE-BLD-02,200182,Chennai,SNR Tech Park
CHE-BLD-03,200183,Chennai,Siruseri IT Park
CHE-BLD-04,200184,Chennai,Ozone Tech Park
CHE-BLD-05,200185,Chennai,Chennai One
CHE-BLD-01,200186,Chennai,DLF
CHE-BLD-02,200187,Chennai,SNR Tech Park
CHE-BLD-03,200188,Chennai,Siruseri IT Park
CHE-BLD-04,200189,Chennai,Ozone Tech Park
CHE-BLD-05,200190,Chennai,Chennai One
CHE-BLD-01,200191,Chennai,DLF
CHE-BLD-02,200192,Chennai,SNR Tech Park
CHE-BLD-03,200193,Chennai,Siruseri IT Park
CHE-BLD-04,200194,Chennai,Ozone Tech Park
CHE-BLD-05,200195,Chennai,Chennai One
CHE-BLD-01,200196,Chennai,DLF
CHE-BLD-02,200197,Chennai,SNR Tech Park
CHE-BLD-03,200198,Chennai,Siruseri IT Park
CHE-BLD-04,200199,Chennai,Ozone Tech Park
CHE-BLD-05,200200,Chennai,Chennai One
CHE-BLD-01,200201,Chennai,DLF
CHE-BLD-02,200202,Chennai,SNR Tech Park
CHE-BLD-03,200203,Chennai,Siruseri IT Park
CHE-BLD-04,200204,Chennai,Ozone Tech Park
CHE-BLD-05,200205,Chennai,Chennai One
CHE-BLD-01,200206,Chennai,DLF
CHE-BLD-02,200207,Chennai,SNR Tech Park
CHE-BLD-03,200208,Chennai,Siruseri IT Park
CHE-BLD-04,200209,Chennai,Ozone Tech Park
CHE-BLD-05,200210,Chennai,Chennai One
CHE-BLD-01,200211,Chennai,DLF
CHE-BLD-02,200212,Chennai,SNR Tech Park
CHE-BLD-03,200213,Chennai,Siruseri IT Park
CHE-BLD-04,200214,Chennai,Ozone Tech Park
CHE-BLD-05,200215,Chennai,Chennai One
CHE-BLD-01,200216,Chennai,DLF
CHE-BLD-02,200217,Chennai,SNR Tech Park
CHE-BLD-03,200218,Chennai,Siruseri IT Park
CHE-BLD-04,200219,Chennai,Ozone Tech Park
CHE-BLD-05,200220,Chennai,Chennai One
CHE-BLD-01,200221,Chennai,DLF
CHE-BLD-02,200222,Chennai,SNR Tech Park
CHE-BLD-03,200223,Chennai,Siruseri IT Park
CHE-BLD-04,200224,Chennai,Ozone Tech Park
CHE-BLD-05,200225,Chennai,Chennai One
CHE-BLD-01,200226,Chennai,DLF
CHE-BLD-02,200227,Chennai,SNR Tech Park
CHE-BLD-03,200228,Chennai,Siruseri IT Park
CHE-BLD-04,200229,Chennai,Ozone Tech Park
CHE-BLD-05,200230,Chennai,Chennai One
CHE-BLD-01,200231,Chennai,DLF
CHE-BLD-02,200232,Chennai,SNR Tech Park
CHE-BLD-03,200233,Chennai,Siruseri IT Park
CHE-BLD-04,200234,Chennai,Ozone Tech Park
CHE-BLD-05,200235,Chennai,Chennai One
CHE-BLD-01,200236,Chennai,DLF
CHE-BLD-02,200237,Chennai,SNR Tech Park
CHE-BLD-03,200238,Chennai,Siruseri IT Park
CHE-BLD-04,200239,Chennai,Ozone Tech Park
CHE-BLD-05,200240,Chennai,Chennai One
CHE-BLD-01,200241,Chennai,DLF
CHE-BLD-02,200242,Chennai,SNR Tech Park
CHE-BLD-03,200243,Chennai,Siruseri IT Park
CHE-BLD-04,200244,Chennai,Ozone Tech Park
CHE-BLD-05,200245,Chennai,Chennai One
CHE-BLD-01,200246,Chennai,DLF
CHE-BLD-02,200247,Chennai,SNR Tech Park
CHE-BLD-03,200248,Chennai,Siruseri IT Park
CHE-BLD-04,200249,Chennai,Ozone Tech Park
CHE-BLD-05,200250,Chennai,Chennai One
CHE-BLD-01,200251,Chennai,DLF
CHE-BLD-02,200252,Chennai,SNR Tech Park
CHE-BLD-03,200253,Chennai,Siruseri IT Park
CHE-BLD-04,200254,Chennai,Ozone Tech Park
CHE-BLD-05,200255,Chennai,Chennai One
CHE-BLD-01,200256,Chennai,DLF
CHE-BLD-02,200257,Chennai,SNR Tech Park
CHE-BLD-03,200258,Chennai,Siruseri IT Park
CHE-BLD-04,200259,Chennai,Ozone Tech Park
CHE-BLD-05,200260,Chennai,Chennai One
CHE-BLD-01,200261,Chennai,DLF
CHE-BLD-02,200262,Chennai,SNR Tech Park
CHE-BLD-03,200263,Chennai,Siruseri IT Park
CHE-BLD-04,200264,Chennai,Ozone Tech Park
CHE-BLD-05,200265,Chennai,Chennai One
CHE-BLD-01,200266,Chennai,DLF
CHE-BLD-02,200267,Chennai,SNR Tech Park
CHE-BLD-03,200268,Chennai,Siruseri IT Park
CHE-BLD-04,200269,Chennai,Ozone Tech Park
CHE-BLD-05,200270,Chennai,Chennai One
CHE-BLD-01,200271,Chennai,DLF
CHE-BLD-02,200272,Chennai,SNR Tech Park
CHE-BLD-03,200273,Chennai,Siruseri IT Park
CHE-BLD-04,200274,Chennai,Ozone Tech Park
CHE-BLD-05,200275,Chennai,Chennai One
CHE-BLD-01,200276,Chennai,DLF
CHE-BLD-02,200277,Chennai,SNR Tech Park
CHE-BLD-03,200278,Chennai,Siruseri IT Park
CHE-BLD-04,200279,Chennai,Ozone Tech Park
CHE-BLD-05,200280,Chennai,Chennai One
CHE-BLD-01,200281,Chennai,DLF
CHE-BLD-02,200282,Chennai,SNR Tech Park
CHE-BLD-03,200283,Chennai,Siruseri IT Park
CHE-BLD-04,200284,Chennai,Ozone Tech Park
CHE-BLD-05,200285,Chennai,Chennai One
CHE-BLD-01,200286,Chennai,DLF
CHE-BLD-02,200287,Chennai,SNR Tech Park
CHE-BLD-03,200288,Chennai,Siruseri IT Park
CHE-BLD-04,200289,Chennai,Ozone Tech Park
CHE-BLD-05,200290,Chennai,Chennai One
CHE-BLD-01,200291,Chennai,DLF
CHE-BLD-02,200292,Chennai,SNR Tech Park
CHE-BLD-03,200293,Chennai,Siruseri IT Park
CHE-BLD-04,200294,Chennai,Ozone Tech Park
CHE-BLD-05,200295,Chennai,Chennai One
CHE-BLD-01,200296,Chennai,DLF
CHE-BLD-02,200297,Chennai,SNR Tech Park
CHE-BLD-03,200298,Chennai,Siruseri IT Park
CHE-BLD-04,200299,Chennai,Ozone Tech Park
CHE-BLD-05,200300,Chennai,Chennai One
